{"inputs": [[2.0, 1.0, 2.0, 2.0, 2.0, 2.0, 2.0], [444.0, 1.0, 22.0, 98.0, 156.0, 13.0, 21.0]], "predictions": [223.5702667236328, 470.00677490234375]}